path,line,code,role
"lib/game/map/interaction_indicator.dart","45","Paint()..color = color.withValues(alpha: 0.30 + 0.25 * pulse),","UI style/state or decorative effect; no global removal"
"lib/game/map/interaction_indicator.dart","50","Paint()..color = color.withValues(alpha: 0.85),","UI style/state or decorative effect; no global removal"
"lib/game/map/interaction_indicator.dart","61","double opacity = 1.0,","UI style/state or decorative effect; no global removal"
"lib/game/map/interaction_indicator.dart","69","..color = color.withValues(alpha: 0.14 * opacity)","UI style/state or decorative effect; no global removal"
"lib/game/map/interaction_indicator.dart","74","_portal(canvas, center, color, phase, scale, opacity);","UI style/state or decorative effect; no global removal"
"lib/game/map/interaction_indicator.dart","77","_gather(canvas, center, color, phase, scale, opacity);","UI style/state or decorative effect; no global removal"
"lib/game/map/interaction_indicator.dart","80","_talk(canvas, center, color, phase, scale, opacity);","UI style/state or decorative effect; no global removal"
"lib/game/map/interaction_indicator.dart","83","_attack(canvas, center, color, phase, scale, opacity);","UI style/state or decorative effect; no global removal"
"lib/game/map/interaction_indicator.dart","95","..color = color.withValues(alpha: 0.9 * o);","UI style/state or decorative effect; no global removal"
"lib/game/map/interaction_indicator.dart","114","..color = color.withValues(alpha: aAlpha);","UI style/state or decorative effect; no global removal"
"lib/game/map/interaction_indicator.dart","135","..color = color.withValues(alpha: 0.9 * o);","UI style/state or decorative effect; no global removal"
"lib/game/map/interaction_indicator.dart","138","c, 2.4 * s, Paint()..color = color.withValues(alpha: 0.9 * o));","UI style/state or decorative effect; no global removal"
"lib/game/map/interaction_indicator.dart","157","rect, Paint()..color = color.withValues(alpha: 0.22 * o));","UI style/state or decorative effect; no global removal"
"lib/game/map/interaction_indicator.dart","163","..color = color.withValues(alpha: 0.9 * o),","UI style/state or decorative effect; no global removal"
"lib/game/map/interaction_indicator.dart","171","Paint()..color = color.withValues(alpha: 0.9 * o),","UI style/state or decorative effect; no global removal"
"lib/game/map/interaction_indicator.dart","183",".withValues(alpha: (on ? 1.0 : 0.55) * o),","UI style/state or decorative effect; no global removal"
"lib/game/map/interaction_indicator.dart","205","..color = color.withValues(alpha: 0.85 * o * fade),","UI style/state or decorative effect; no global removal"
"lib/game/map/interaction_indicator.dart","217","..color = color.withValues(alpha: 0.95 * o),","UI style/state or decorative effect; no global removal"
"lib/game/map/iso_map_component.dart","455","opacity: 0.5,","world placement/shadow (reviewed)"
"lib/game/map/iso_map_component.dart","467","void setObjectOpacity(int objId, double opacity) {","world placement/shadow (reviewed)"
"lib/game/map/iso_map_component.dart","468","_propertyComponents[objId]?.opacity = opacity;","world placement/shadow (reviewed)"
"lib/game/map/iso_monster_component.dart","45","static const double corpseOpacity = 0.5;","corpse fade (intentional)"
"lib/game/map/iso_monster_component.dart","148","double opacity = 1.0;","corpse fade (intentional)"
"lib/game/map/iso_monster_component.dart","172","opacity = 1 - (1 - corpseOpacity) * (_fade / fadeSeconds);","corpse fade (intentional)"
"lib/game/map/iso_monster_component.dart","175","opacity = corpseOpacity;","corpse fade (intentional)"
"lib/game/map/iso_monster_component.dart","186","if (opacity >= 1) {","corpse fade (intentional)"
"lib/game/map/iso_monster_component.dart","191","canvas.saveLayer(null, Paint()..color = Color.fromRGBO(0, 0, 0, opacity));","corpse fade (intentional)"
"lib/game/map/iso_object_catalog.dart","14","this.opacity = 0.20,","world placement/shadow (reviewed)"
"lib/game/map/iso_object_catalog.dart","21","final double opacity;","world placement/shadow (reviewed)"
"lib/game/map/iso_object_catalog.dart","31","opacity: ((raw['opacity'] as num?)?.toDouble() ?? 0.20)","world placement/shadow (reviewed)"
"lib/game/map/iso_object_component.dart","32","double opacity = 1.0,","world placement/shadow (reviewed)"
"lib/game/map/iso_object_component.dart","33","}) : _opacity = opacity.clamp(0.0, 1.0),","world placement/shadow (reviewed)"
"lib/game/map/iso_object_component.dart","59","double _opacity;","world placement/shadow (reviewed)"
"lib/game/map/iso_object_component.dart","60","double get opacity => _opacity;","world placement/shadow (reviewed)"
"lib/game/map/iso_object_component.dart","61","set opacity(double value) {","world placement/shadow (reviewed)"
"lib/game/map/iso_object_component.dart","62","_opacity = value.clamp(0.0, 1.0);","world placement/shadow (reviewed)"
"lib/game/map/iso_object_component.dart","65","_shadowComponent?.opacity = _opacity;","world placement/shadow (reviewed)"
"lib/game/map/iso_object_component.dart","83","if (def.shadow.enabled && def.shadow.opacity > 0) {","world placement/shadow (reviewed)"
"lib/game/map/iso_object_component.dart","88","opacity: opacity,","world placement/shadow (reviewed)"
"lib/game/map/iso_object_component.dart","123","opacity: opacity,","world placement/shadow (reviewed)"
"lib/game/map/iso_object_component.dart","157","required this.opacity,","world placement/shadow (reviewed)"
"lib/game/map/iso_object_component.dart","168","double opacity;","world placement/shadow (reviewed)"
"lib/game/map/iso_object_component.dart","173","if (!shadow.enabled || shadow.opacity <= 0 || opacity <= 0) return;","world placement/shadow (reviewed)"
"lib/game/map/iso_object_component.dart","203","(shadow.opacity * opacity).clamp(0.0, 1.0).toDouble(),","world placement/shadow (reviewed)"
"lib/game/map/iso_object_graphic.dart","18","void paint(Canvas canvas, Rect dst, {double opacity = 1.0});","world placement/shadow (reviewed)"
"lib/game/map/iso_object_graphic.dart","82","void paint(Canvas canvas, Rect dst, {double opacity = 1.0}) {","world placement/shadow (reviewed)"
"lib/game/map/iso_object_graphic.dart","85","if (opacity < 1.0) paint.color = Color.fromRGBO(255, 255, 255, opacity);","world placement/shadow (reviewed)"
"lib/game/map/iso_object_graphic.dart","103","void paint(Canvas canvas, Rect dst, {double opacity = 1.0}) {","world placement/shadow (reviewed)"
"lib/game/map/iso_object_graphic.dart","105","if (opacity < 1.0) {","world placement/shadow (reviewed)"
"lib/game/map/iso_object_graphic.dart","106","canvas.saveLayer(dst, Paint()..color = Color.fromRGBO(255, 255, 255, opacity));","world placement/shadow (reviewed)"
"lib/game/my_game.dart","185","worldScene?.setObjectOpacity(objId, 1.0);","world placement/shadow (reviewed)"
"lib/game/my_game.dart","385","worldScene?.setObjectOpacity(objId, 0.4);","world placement/shadow (reviewed)"
"lib/game/world_scene.dart","211","void setObjectOpacity(int objId, double opacity) {","world placement/shadow (reviewed)"
"lib/game/world_scene.dart","212","_map?.setObjectOpacity(objId, opacity);","world placement/shadow (reviewed)"
"lib/tools/map_editor/map_canvas.dart","622","opacity: 0.3);","UI style/state or decorative effect; no global removal"
"lib/ui/layout/char_create/char_create_ui_config.dart","62","double startBtnDisabledOpacity = 0.50;","UI style/state or decorative effect; no global removal"
"lib/ui/layout/char_create/char_create_ui_config.dart","75","double backDisabledOpacity = 0.40;","UI style/state or decorative effect; no global removal"
"lib/ui/layout/char_create/char_create_ui_config.dart","103","double spiritRootUnselectedBgOpacity = 0.20;","UI style/state or decorative effect; no global removal"
"lib/ui/layout/char_create/char_create_ui_config.dart","104","double spiritRootSelectedBgOpacity = 0.18;","UI style/state or decorative effect; no global removal"
"lib/ui/layout/char_create/char_create_ui_config.dart","105","double spiritRootUnselectedBorderOpacity = 0.24;","UI style/state or decorative effect; no global removal"
"lib/ui/layout/char_create/char_create_ui_config.dart","107","double spiritRootUnselectedHighlightOpacity = 0.06;","UI style/state or decorative effect; no global removal"
"lib/ui/layout/char_create/char_create_ui_config.dart","108","double spiritRootSelectedBorderOpacity = 1.0;","UI style/state or decorative effect; no global removal"
"lib/ui/layout/char_create/char_create_ui_config.dart","109","double spiritRootSelectedGlowOpacity = 0.35;","UI style/state or decorative effect; no global removal"
"lib/ui/layout/char_create/char_create_ui_config.dart","122","double nameHintOpacity = 0.54;","UI style/state or decorative effect; no global removal"
"lib/ui/layout/char_create/char_create_ui_config.dart","130","double genderSectionBgOpacity = 0.30;","UI style/state or decorative effect; no global removal"
"lib/ui/layout/char_create/char_create_ui_config.dart","140","double genderUnselectedOverlayOpacity = 0.45;","UI style/state or decorative effect; no global removal"
"lib/ui/layout/char_create/char_create_ui_config.dart","141","double genderUnselectedTextOpacity = 0.70;","UI style/state or decorative effect; no global removal"
"lib/ui/layout/char_create/char_create_ui_config.dart","176","double statsSectionBgOpacity = 0.35;","UI style/state or decorative effect; no global removal"
"lib/ui/layout/char_create/char_create_ui_config.dart","198","double statAdjustBtnDisabledOpacity = 0.40;","UI style/state or decorative effect; no global removal"
"lib/ui/layout/char_create/char_create_ui_loader.dart","121","c.startBtnDisabledOpacity = XmlAttr.d(el, 'disabledOpacity', c.startBtnDisabledOpacity);","UI style/state or decorative effect; no global removal"
"lib/ui/layout/char_create/char_create_ui_loader.dart","136","c.backDisabledOpacity = XmlAttr.d(el, 'disabledOpacity', c.backDisabledOpacity);","UI style/state or decorative effect; no global removal"
"lib/ui/layout/char_create/char_create_ui_loader.dart","173","c.spiritRootUnselectedBgOpacity = XmlAttr.d(el, 'unselectedBgOpacity', c.spiritRootUnselectedBgOpacity);","UI style/state or decorative effect; no global removal"
"lib/ui/layout/char_create/char_create_ui_loader.dart","174","c.spiritRootSelectedBgOpacity = XmlAttr.d(el, 'selectedBgOpacity', c.spiritRootSelectedBgOpacity);","UI style/state or decorative effect; no global removal"
"lib/ui/layout/char_create/char_create_ui_loader.dart","175","c.spiritRootUnselectedBorderOpacity = XmlAttr.d(el, 'unselectedBorderOpacity', c.spiritRootUnselectedBorderOpacity);","UI style/state or decorative effect; no global removal"
"lib/ui/layout/char_create/char_create_ui_loader.dart","177","c.spiritRootUnselectedHighlightOpacity = XmlAttr.d(el, 'unselectedHighlightOpacity', c.spiritRootUnselectedHighlightOpacity);","UI style/state or decorative effect; no global removal"
"lib/ui/layout/char_create/char_create_ui_loader.dart","178","c.spiritRootSelectedBorderOpacity = XmlAttr.d(el, 'selectedBorderOpacity', c.spiritRootSelectedBorderOpacity);","UI style/state or decorative effect; no global removal"
"lib/ui/layout/char_create/char_create_ui_loader.dart","179","c.spiritRootSelectedGlowOpacity = XmlAttr.d(el, 'selectedGlowOpacity', c.spiritRootSelectedGlowOpacity);","UI style/state or decorative effect; no global removal"
"lib/ui/layout/char_create/char_create_ui_loader.dart","197","c.nameHintOpacity = XmlAttr.d(el, 'hintOpacity', c.nameHintOpacity);","UI style/state or decorative effect; no global removal"
"lib/ui/layout/char_create/char_create_ui_loader.dart","207","c.genderSectionBgOpacity = XmlAttr.d(el, 'sectionBgOpacity', c.genderSectionBgOpacity);","UI style/state or decorative effect; no global removal"
"lib/ui/layout/char_create/char_create_ui_loader.dart","217","c.genderUnselectedOverlayOpacity = XmlAttr.d(el, 'unselectedOverlayOpacity', c.genderUnselectedOverlayOpacity);","UI style/state or decorative effect; no global removal"
"lib/ui/layout/char_create/char_create_ui_loader.dart","218","c.genderUnselectedTextOpacity = XmlAttr.d(el, 'unselectedTextOpacity', c.genderUnselectedTextOpacity);","UI style/state or decorative effect; no global removal"
"lib/ui/layout/char_create/char_create_ui_loader.dart","265","c.statsSectionBgOpacity = XmlAttr.d(el, 'sectionBgOpacity', c.statsSectionBgOpacity);","UI style/state or decorative effect; no global removal"
"lib/ui/layout/char_create/char_create_ui_loader.dart","289","c.statAdjustBtnDisabledOpacity = XmlAttr.d(el, 'adjustBtnDisabledOpacity', c.statAdjustBtnDisabledOpacity);","UI style/state or decorative effect; no global removal"
"lib/ui/layout/char_create/char_create_ui_spec.dart","105","static double get spiritRootUnselectedBgOpacity => _c.spiritRootUnselectedBgOpacity;","UI style/state or decorative effect; no global removal"
"lib/ui/layout/char_create/char_create_ui_spec.dart","106","static double get spiritRootSelectedBgOpacity => _c.spiritRootSelectedBgOpacity;","UI style/state or decorative effect; no global removal"
"lib/ui/layout/char_create/char_create_ui_spec.dart","107","static double get spiritRootUnselectedBorderOpacity => _c.spiritRootUnselectedBorderOpacity;","UI style/state or decorative effect; no global removal"
"lib/ui/layout/char_create/char_create_ui_spec.dart","109","static double get spiritRootUnselectedHighlightOpacity => _c.spiritRootUnselectedHighlightOpacity;","UI style/state or decorative effect; no global removal"
"lib/ui/layout/char_create/char_create_ui_spec.dart","110","static double get spiritRootSelectedBorderOpacity => _c.spiritRootSelectedBorderOpacity;","UI style/state or decorative effect; no global removal"
"lib/ui/layout/char_create/char_create_ui_spec.dart","111","static double get spiritRootSelectedGlowOpacity => _c.spiritRootSelectedGlowOpacity;","UI style/state or decorative effect; no global removal"
"lib/ui/layout/char_create/char_create_ui_spec.dart","153","static double get nameHintOpacity => _c.nameHintOpacity;","UI style/state or decorative effect; no global removal"
"lib/ui/layout/char_create/char_create_ui_spec.dart","160","static double get genderSectionBgOpacity => _c.genderSectionBgOpacity;","UI style/state or decorative effect; no global removal"
"lib/ui/layout/char_create/char_create_ui_spec.dart","171","static double get genderUnselectedOverlayOpacity => _c.genderUnselectedOverlayOpacity;","UI style/state or decorative effect; no global removal"
"lib/ui/layout/char_create/char_create_ui_spec.dart","172","static double get genderUnselectedTextOpacity => _c.genderUnselectedTextOpacity;","UI style/state or decorative effect; no global removal"
"lib/ui/layout/char_create/char_create_ui_spec.dart","210","static double get statsSectionBgOpacity => _c.statsSectionBgOpacity;","UI style/state or decorative effect; no global removal"
"lib/ui/layout/char_create/char_create_ui_spec.dart","233","static double get statAdjustBtnDisabledOpacity => _c.statAdjustBtnDisabledOpacity;","UI style/state or decorative effect; no global removal"
"lib/ui/layout/char_create/char_create_ui_spec.dart","245","static double get startBtnDisabledOpacity => _c.startBtnDisabledOpacity;","UI style/state or decorative effect; no global removal"
"lib/ui/layout/char_create/char_create_ui_spec.dart","260","static double get backDisabledOpacity => _c.backDisabledOpacity;","UI style/state or decorative effect; no global removal"
"lib/ui/layout/char_select/char_select_ui_config.dart","48","double rightPanelSectionBgOpacity = 0.35;","UI style/state or decorative effect; no global removal"
"lib/ui/layout/char_select/char_select_ui_config.dart","71","double cardUnselectedBgOpacity = 0.18;","UI style/state or decorative effect; no global removal"
"lib/ui/layout/char_select/char_select_ui_config.dart","72","double cardSelectedBgOpacity = 0.25;","UI style/state or decorative effect; no global removal"
"lib/ui/layout/char_select/char_select_ui_config.dart","73","double cardUnselectedBorderOpacity = 0.22;","UI style/state or decorative effect; no global removal"
"lib/ui/layout/char_select/char_select_ui_config.dart","75","double cardSelectedBorderOpacity = 1.0;","UI style/state or decorative effect; no global removal"
"lib/ui/layout/char_select/char_select_ui_config.dart","77","double cardSelectedGlowOpacity = 0.35;","UI style/state or decorative effect; no global removal"
"lib/ui/layout/char_select/char_select_ui_loader.dart","94","c.rightPanelSectionBgOpacity = XmlAttr.d(el, 'sectionBgOpacity', c.rightPanelSectionBgOpacity);","UI style/state or decorative effect; no global removal"
"lib/ui/layout/char_select/char_select_ui_loader.dart","121","c.cardUnselectedBgOpacity = XmlAttr.d(el, 'unselectedBgOpacity', c.cardUnselectedBgOpacity);","UI style/state or decorative effect; no global removal"
"lib/ui/layout/char_select/char_select_ui_loader.dart","122","c.cardSelectedBgOpacity = XmlAttr.d(el, 'selectedBgOpacity', c.cardSelectedBgOpacity);","UI style/state or decorative effect; no global removal"
"lib/ui/layout/char_select/char_select_ui_loader.dart","123","c.cardUnselectedBorderOpacity = XmlAttr.d(el, 'unselectedBorderOpacity', c.cardUnselectedBorderOpacity);","UI style/state or decorative effect; no global removal"
"lib/ui/layout/char_select/char_select_ui_loader.dart","125","c.cardSelectedBorderOpacity = XmlAttr.d(el, 'selectedBorderOpacity', c.cardSelectedBorderOpacity);","UI style/state or decorative effect; no global removal"
"lib/ui/layout/char_select/char_select_ui_loader.dart","127","c.cardSelectedGlowOpacity = XmlAttr.d(el, 'selectedGlowOpacity', c.cardSelectedGlowOpacity);","UI style/state or decorative effect; no global removal"
"lib/ui/layout/char_select/char_select_ui_spec.dart","83","static double get rightPanelSectionBgOpacity => _c.rightPanelSectionBgOpacity;","UI style/state or decorative effect; no global removal"
"lib/ui/layout/char_select/char_select_ui_spec.dart","113","static double get cardUnselectedBgOpacity => _c.cardUnselectedBgOpacity;","UI style/state or decorative effect; no global removal"
"lib/ui/layout/char_select/char_select_ui_spec.dart","114","static double get cardSelectedBgOpacity => _c.cardSelectedBgOpacity;","UI style/state or decorative effect; no global removal"
"lib/ui/layout/char_select/char_select_ui_spec.dart","115","static double get cardUnselectedBorderOpacity => _c.cardUnselectedBorderOpacity;","UI style/state or decorative effect; no global removal"
"lib/ui/layout/char_select/char_select_ui_spec.dart","117","static double get cardSelectedBorderOpacity => _c.cardSelectedBorderOpacity;","UI style/state or decorative effect; no global removal"
"lib/ui/layout/char_select/char_select_ui_spec.dart","119","static double get cardSelectedGlowOpacity => _c.cardSelectedGlowOpacity;","UI style/state or decorative effect; no global removal"
"lib/ui/layout/xaml/specs/account_ui_spec.dart","19","centerOpacity: 0,","UI style/state or decorative effect; no global removal"
"lib/ui/layout/xaml/specs/loading_ui_spec.dart","33","this.glowOpacity = 0.55,","UI style/state or decorative effect; no global removal"
"lib/ui/layout/xaml/specs/loading_ui_spec.dart","61","final double glowOpacity;","UI style/state or decorative effect; no global removal"
"lib/ui/layout/xaml/specs/loading_ui_spec.dart","124","glowOpacity:","UI style/state or decorative effect; no global removal"
"lib/ui/layout/xaml/specs/loading_ui_spec.dart","125","bar?.d('glowOpacity', d.glowOpacity, min: 0, max: 1) ?? d.glowOpacity,","UI style/state or decorative effect; no global removal"
"lib/ui/layout/xaml/specs/server_select_ui_spec.dart","28","required this.selectedGlowOpacity,","UI style/state or decorative effect; no global removal"
"lib/ui/layout/xaml/specs/server_select_ui_spec.dart","29","required this.disabledOpacity,","UI style/state or decorative effect; no global removal"
"lib/ui/layout/xaml/specs/server_select_ui_spec.dart","49","final double selectedGlowOpacity;","UI style/state or decorative effect; no global removal"
"lib/ui/layout/xaml/specs/server_select_ui_spec.dart","52","final double disabledOpacity;","UI style/state or decorative effect; no global removal"
"lib/ui/layout/xaml/specs/server_select_ui_spec.dart","75","selectedGlowOpacity: node","UI style/state or decorative effect; no global removal"
"lib/ui/layout/xaml/specs/server_select_ui_spec.dart","76",".d('selectedGlowOpacity', fallback.selectedGlowOpacity, min: 0, max: 1),","UI style/state or decorative effect; no global removal"
"lib/ui/layout/xaml/specs/server_select_ui_spec.dart","77","disabledOpacity:","UI style/state or decorative effect; no global removal"
"lib/ui/layout/xaml/specs/server_select_ui_spec.dart","78","node.d('disabledOpacity', fallback.disabledOpacity, min: 0.1, max: 1),","UI style/state or decorative effect; no global removal"
"lib/ui/layout/xaml/specs/server_select_ui_spec.dart","90","centerOpacity: 0,","UI style/state or decorative effect; no global removal"
"lib/ui/layout/xaml/specs/server_select_ui_spec.dart","123","selectedGlowOpacity: 0,","UI style/state or decorative effect; no global removal"
"lib/ui/layout/xaml/specs/server_select_ui_spec.dart","124","disabledOpacity: 0.45,","UI style/state or decorative effect; no global removal"
"lib/ui/layout/xaml/ui_xaml_parts.dart","147","required this.centerOpacity,","UI style/state or decorative effect; no global removal"
"lib/ui/layout/xaml/ui_xaml_parts.dart","154","final double centerOpacity;","UI style/state or decorative effect; no global removal"
"lib/ui/layout/xaml/ui_xaml_parts.dart","167","centerOpacity:","UI style/state or decorative effect; no global removal"
"lib/ui/layout/xaml/ui_xaml_parts.dart","168","node.d('centerOpacity', fallback.centerOpacity, min: 0, max: 1),","UI style/state or decorative effect; no global removal"
"lib/ui/screens/character_create.dart","239","child: ColoredBox(color: Colors.black.withValues(alpha: 0.35)),","background overlay / buttons (portrait stays outside overlay)"
"lib/ui/screens/character_select.dart","197","ColoredBox(color: Colors.black.withValues(alpha: 0.35)),","background overlay / buttons (portrait stays outside overlay)"
"lib/ui/screens/character_select.dart","521","bgColor: Colors.white.withValues(alpha: 0.12),","background overlay / buttons (portrait stays outside overlay)"
"lib/ui/screens/character_select.dart","536",").withValues(alpha: 0.20),","background overlay / buttons (portrait stays outside overlay)"
"lib/ui/screens/character_select.dart","539",").withValues(alpha: 0.60),","background overlay / buttons (portrait stays outside overlay)"
"lib/ui/screens/character_select.dart","555",").withValues(alpha: 0.15),","background overlay / buttons (portrait stays outside overlay)"
"lib/ui/screens/character_select.dart","558",").withValues(alpha: 0.50),","background overlay / buttons (portrait stays outside overlay)"
"lib/ui/screens/character_select.dart","612","final opacity = widget.enabled ? 1.0 : 0.45;","background overlay / buttons (portrait stays outside overlay)"
"lib/ui/screens/character_select.dart","632","child: Opacity(","background overlay / buttons (portrait stays outside overlay)"
"lib/ui/screens/character_select.dart","633","opacity: opacity,","background overlay / buttons (portrait stays outside overlay)"
"lib/ui/screens/character_select.dart","647","color: Colors.white.withValues(alpha: 0.20),","background overlay / buttons (portrait stays outside overlay)"
"lib/ui/screens/decor_panel.dart","113","color: _gold.withValues(alpha: 0.12),","UI style/state or decorative effect; no global removal"
"lib/ui/screens/decor_panel.dart","178","color: active ? on.withValues(alpha: 0.2) : _gold.withValues(alpha: 0.12),","UI style/state or decorative effect; no global removal"
"lib/ui/screens/decor_panel.dart","181","color: active ? on : _gold.withValues(alpha: 0.4)),","UI style/state or decorative effect; no global removal"
"lib/ui/screens/decor_panel.dart","207","? _gold.withValues(alpha: 0.2)","UI style/state or decorative effect; no global removal"
"lib/ui/screens/decor_panel.dart","208",": Colors.white.withValues(alpha: 0.04),","UI style/state or decorative effect; no global removal"
"lib/ui/screens/decor_panel.dart","213",": _gold.withValues(alpha: 0.25),","UI style/state or decorative effect; no global removal"
"lib/ui/screens/decor_panel.dart","277","Border.all(color: _gold.withValues(alpha: 0.4)),","UI style/state or decorative effect; no global removal"
"lib/ui/screens/decor_panel.dart","291","color: _gold.withValues(alpha: 0.22),","UI style/state or decorative effect; no global removal"
"lib/ui/screens/game_hud_overlay.dart","439","colors: [color.withValues(alpha: 0.75), color],","UI style/state or decorative effect; no global removal"
"lib/ui/screens/game_hud_overlay.dart","481","color: _gold.withValues(alpha: 0.5),","UI style/state or decorative effect; no global removal"
"lib/ui/screens/game_hud_overlay.dart","1088","..color = _gold.withValues(alpha: 0.35),","UI style/state or decorative effect; no global removal"
"lib/ui/screens/game_hud_overlay.dart","1309","color: Colors.black.withValues(alpha: 0.4),","UI style/state or decorative effect; no global removal"
"lib/ui/screens/game_hud_overlay.dart","1614","color: _gold.withValues(alpha: 0.35),","UI style/state or decorative effect; no global removal"
"lib/ui/screens/game_hud_overlay.dart","1619","color: Colors.black.withValues(alpha: 0.6),","UI style/state or decorative effect; no global removal"
"lib/ui/screens/game_hud_overlay.dart","1636","color: Colors.black.withValues(alpha: 0.55),","UI style/state or decorative effect; no global removal"
"lib/ui/screens/game_hud_overlay.dart","1723","color: Colors.white.withValues(alpha: 0.85),","UI style/state or decorative effect; no global removal"
"lib/ui/screens/game_hud_overlay.dart","1728","color: _Minimap._portalBlue.withValues(alpha: 0.9),","UI style/state or decorative effect; no global removal"
"lib/ui/screens/game_hud_overlay.dart","1812","color: active ? _gold.withValues(alpha: 0.18) : Colors.transparent,","UI style/state or decorative effect; no global removal"
"lib/ui/screens/gm_panel.dart","124","color: _gold.withValues(alpha: 0.12),","UI style/state or decorative effect; no global removal"
"lib/ui/screens/gm_panel.dart","156","? _gold.withValues(alpha: 0.18)","UI style/state or decorative effect; no global removal"
"lib/ui/screens/gm_panel.dart","224",": _gold.withValues(alpha: 0.14),","UI style/state or decorative effect; no global removal"
"lib/ui/screens/gm_panel.dart","229",": _gold.withValues(alpha: 0.45)),","UI style/state or decorative effect; no global removal"
"lib/ui/screens/gm_panel.dart","342","borderSide: BorderSide(color: _gold.withValues(alpha: 0.3)),","UI style/state or decorative effect; no global removal"
"lib/ui/screens/gm_panel.dart","399","color: Colors.black.withValues(alpha: 0.4),","UI style/state or decorative effect; no global removal"
"lib/ui/screens/gm_panel.dart","401","border: Border.all(color: _gold.withValues(alpha: 0.3)),","UI style/state or decorative effect; no global removal"
"lib/ui/screens/serverlist.dart","157","return Opacity(","UI style/state or decorative effect; no global removal"
"lib/ui/screens/serverlist.dart","158","opacity: status.selectable ? 1.0 : spec.disabledOpacity,","UI style/state or decorative effect; no global removal"
"lib/ui/theme/game_ui_styles.dart","40","color: Colors.black.withValues(alpha: 0.85),","UI style/state or decorative effect; no global removal"
"lib/ui/theme/game_ui_styles.dart","46","color: Colors.black.withValues(alpha: 0.85),","UI style/state or decorative effect; no global removal"
"lib/ui/theme/game_ui_styles.dart","62","backgroundColor: Colors.white.withValues(alpha: alpha),","UI style/state or decorative effect; no global removal"
"lib/ui/widgets/char_create/char_create_back_button.dart","25","child: Opacity(","UI style/state or decorative effect; no global removal"
"lib/ui/widgets/char_create/char_create_back_button.dart","26","opacity: enabled ? 1.0 : CharCreateUiSpec.backDisabledOpacity,","UI style/state or decorative effect; no global removal"
"lib/ui/widgets/char_create/char_create_name_bar.dart","77","alpha: CharCreateUiSpec.nameHintOpacity,","UI style/state or decorative effect; no global removal"
"lib/ui/widgets/char_create/char_create_start_button.dart","25","child: Opacity(","UI style/state or decorative effect; no global removal"
"lib/ui/widgets/char_create/char_create_start_button.dart","26","opacity: enabled ? 1.0 : CharCreateUiSpec.startBtnDisabledOpacity,","UI style/state or decorative effect; no global removal"
"lib/ui/widgets/char_create/char_create_stat_row.dart","125","child: Opacity(","UI style/state or decorative effect; no global removal"
"lib/ui/widgets/char_create/char_create_stat_row.dart","126","opacity: enabled ? 1.0 : CharCreateUiSpec.statAdjustBtnDisabledOpacity,","UI style/state or decorative effect; no global removal"
"lib/ui/widgets/char_create/char_create_text_styles.dart","214","color: color.withValues(alpha: 0.85),","UI style/state or decorative effect; no global removal"
"lib/ui/widgets/char_select/char_select_char_card.dart","47","final bgOpacity = selected","UI style/state or decorative effect; no global removal"
"lib/ui/widgets/char_select/char_select_char_card.dart","48","? CharSelectUiSpec.cardSelectedBgOpacity","UI style/state or decorative effect; no global removal"
"lib/ui/widgets/char_select/char_select_char_card.dart","49",": CharSelectUiSpec.cardUnselectedBgOpacity;","UI style/state or decorative effect; no global removal"
"lib/ui/widgets/char_select/char_select_char_card.dart","51","? attrColor.withValues(alpha: CharSelectUiSpec.cardSelectedBorderOpacity)","UI style/state or decorative effect; no global removal"
"lib/ui/widgets/char_select/char_select_char_card.dart","52",": Colors.white.withValues(alpha: CharSelectUiSpec.cardUnselectedBorderOpacity);","UI style/state or decorative effect; no global removal"
"lib/ui/widgets/char_select/char_select_char_card.dart","74","? attrColor.withValues(alpha: bgOpacity)","UI style/state or decorative effect; no global removal"
"lib/ui/widgets/char_select/char_select_char_card.dart","75",": Colors.black.withValues(alpha: bgOpacity),","UI style/state or decorative effect; no global removal"
"lib/ui/widgets/char_select/char_select_char_card.dart","152","alpha: CharSelectUiSpec.cardSelectedGlowOpacity),","UI style/state or decorative effect; no global removal"
"lib/ui/widgets/char_select/char_select_info_panel.dart","22","Colors.black.withValues(alpha: CharSelectUiSpec.rightPanelSectionBgOpacity);","UI style/state or decorative effect; no global removal"
"lib/ui/widgets/char_select/char_select_info_panel.dart","159","backgroundColor: Colors.white.withValues(alpha: 0.12),","UI style/state or decorative effect; no global removal"
"lib/ui/widgets/char_select/char_select_info_panel.dart","219","color: Colors.white.withValues(alpha: 0.12),","UI style/state or decorative effect; no global removal"
"lib/ui/widgets/shared/context_menu.dart","138","widget.item.danger ? PanelTheme.danger : Colors.white.withValues(alpha: 0.85);","UI style/state or decorative effect; no global removal"
"lib/ui/widgets/shared/energy_loading_bar.dart","108","boxShadow: spec.glowOpacity <= 0 || spec.glowBlur <= 0","UI style/state or decorative effect; no global removal"
"lib/ui/widgets/shared/energy_loading_bar.dart","112","color: spec.glowColor.withValues(alpha: spec.glowOpacity),","UI style/state or decorative effect; no global removal"
"lib/ui/widgets/shared/game_image_button.dart","49","color: Colors.white.withValues(alpha: 0.15),","UI style/state or decorative effect; no global removal"
"lib/ui/widgets/shared/game_message_dialog.dart","111","color: Colors.black.withValues(alpha: 0.75),","UI style/state or decorative effect; no global removal"
"lib/ui/widgets/shared/ink_fade_rect.dart","26","this.centerOpacity = 0.72,","UI style/state or decorative effect; no global removal"
"lib/ui/widgets/shared/ink_fade_rect.dart","39","final double centerOpacity;","UI style/state or decorative effect; no global removal"
"lib/ui/widgets/shared/ink_fade_rect.dart","68","alpha: centerOpacity.clamp(0.0, 1.0),","UI style/state or decorative effect; no global removal"
"lib/ui/widgets/shared/ink_fade_rect.dart","89","return ShaderMask(","UI style/state or decorative effect; no global removal"
"lib/ui/widgets/shared/ink_fade_rect.dart","90","blendMode: BlendMode.dstIn,","UI style/state or decorative effect; no global removal"
"lib/ui/widgets/shared/tabbed_panel.dart","147","? PanelTheme.danger.withValues(alpha: 0.16)","UI style/state or decorative effect; no global removal"
"assets/ui/layouts/char_create_layout.xml","9","- 本檔：位置、尺寸、opacity、色票、互動疊色 → CharCreateUiSpec","UI style/state or decorative effect; no global removal"
"assets/ui/layouts/char_create_layout.xml","64","disabledOpacity=""0.50"" />","UI style/state or decorative effect; no global removal"
"assets/ui/layouts/char_create_layout.xml","74","disabledOpacity=""0.40"" safeExtra=""4"" />","UI style/state or decorative effect; no global removal"
"assets/ui/layouts/char_create_layout.xml","101","unselectedBgOpacity         底色黑度（gradient 下層）","UI style/state or decorative effect; no global removal"
"assets/ui/layouts/char_create_layout.xml","102","unselectedHighlightOpacity  底色高光（gradient 上層）","UI style/state or decorative effect; no global removal"
"assets/ui/layouts/char_create_layout.xml","103","unselectedBorderOpacity     邊框透明度","UI style/state or decorative effect; no global removal"
"assets/ui/layouts/char_create_layout.xml","106","selectedBgOpacity     選中底色（依靈根色 gradient）","UI style/state or decorative effect; no global removal"
"assets/ui/layouts/char_create_layout.xml","107","selectedBorderOpacity 選中邊框透明度（通常 1.0）","UI style/state or decorative effect; no global removal"
"assets/ui/layouts/char_create_layout.xml","109","selectedGlowOpacity   外圈光暈透明度","UI style/state or decorative effect; no global removal"
"assets/ui/layouts/char_create_layout.xml","130","unselectedBgOpacity=""0.20"" selectedBgOpacity=""0.18""","UI style/state or decorative effect; no global removal"
"assets/ui/layouts/char_create_layout.xml","131","unselectedBorderOpacity=""0.24"" unselectedBorderWidth=""1""","UI style/state or decorative effect; no global removal"
"assets/ui/layouts/char_create_layout.xml","132","unselectedHighlightOpacity=""0.06""","UI style/state or decorative effect; no global removal"
"assets/ui/layouts/char_create_layout.xml","134","selectedBorderOpacity=""1.0"" selectedGlowOpacity=""0.35""","UI style/state or decorative effect; no global removal"
"assets/ui/layouts/char_create_layout.xml","145","hintOpacity   提示文字透明度（0=全透明，1=不透明）","UI style/state or decorative effect; no global removal"
"assets/ui/layouts/char_create_layout.xml","149","<nameField fontSize=""26"" hintFontSize=""25"" hintOpacity=""0.54""","UI style/state or decorative effect; no global removal"
"assets/ui/layouts/char_create_layout.xml","157","sectionBgOpacity                     區塊半透明黑底","UI style/state or decorative effect; no global removal"
"assets/ui/layouts/char_create_layout.xml","164","unselectedOverlayOpacity             （deprecated）已改 btn01/btn01_selected 切圖","UI style/state or decorative effect; no global removal"
"assets/ui/layouts/char_create_layout.xml","165","unselectedTextOpacity                （deprecated）","UI style/state or decorative effect; no global removal"
"assets/ui/layouts/char_create_layout.xml","169","sectionBgOpacity=""0.30"" iconSize=""32"" titleFontSize=""14""","UI style/state or decorative effect; no global removal"
"assets/ui/layouts/char_create_layout.xml","173","unselectedOverlayOpacity=""0.45"" unselectedTextOpacity=""0.70""","UI style/state or decorative effect; no global removal"
"assets/ui/layouts/char_create_layout.xml","179","sectionPadding / sectionRadius / sectionBgOpacity  區塊內距、圓角、底色","UI style/state or decorative effect; no global removal"
"assets/ui/layouts/char_create_layout.xml","204","adjustBtnDisabledOpacity  點數用完或達上限時 +/- 透明度","UI style/state or decorative effect; no global removal"
"assets/ui/layouts/char_create_layout.xml","212","sectionBgOpacity=""0.35""","UI style/state or decorative effect; no global removal"
"assets/ui/layouts/char_create_layout.xml","234","adjustBtnDisabledOpacity=""0.40""","UI style/state or decorative effect; no global removal"
"assets/ui/layouts/char_select_layout.xml","9","- 本檔：位置、尺寸、opacity、色票、互動疊色 → CharSelectUiSpec","UI style/state or decorative effect; no global removal"
"assets/ui/layouts/char_select_layout.xml","63","sectionBgOpacity 區塊黑底透明度","UI style/state or decorative effect; no global removal"
"assets/ui/layouts/char_select_layout.xml","68","sectionBgOpacity=""0.35"" />","UI style/state or decorative effect; no global removal"
"assets/ui/layouts/char_select_layout.xml","100","unselectedBgOpacity   未選中底色透明度","UI style/state or decorative effect; no global removal"
"assets/ui/layouts/char_select_layout.xml","101","selectedBgOpacity     選中底色透明度（依靈根色）","UI style/state or decorative effect; no global removal"
"assets/ui/layouts/char_select_layout.xml","102","unselectedBorderOpacity 未選中邊框透明度","UI style/state or decorative effect; no global removal"
"assets/ui/layouts/char_select_layout.xml","104","selectedBorderOpacity   選中邊框透明度","UI style/state or decorative effect; no global removal"
"assets/ui/layouts/char_select_layout.xml","106","selectedGlowOpacity     選中外圈光暈透明度","UI style/state or decorative effect; no global removal"
"assets/ui/layouts/char_select_layout.xml","114","unselectedBgOpacity=""0.18""","UI style/state or decorative effect; no global removal"
"assets/ui/layouts/char_select_layout.xml","115","selectedBgOpacity=""0.25""","UI style/state or decorative effect; no global removal"
"assets/ui/layouts/char_select_layout.xml","116","unselectedBorderOpacity=""0.22"" unselectedBorderWidth=""1.0""","UI style/state or decorative effect; no global removal"
"assets/ui/layouts/char_select_layout.xml","117","selectedBorderOpacity=""1.0"" selectedBorderWidth=""1.5""","UI style/state or decorative effect; no global removal"
"assets/ui/layouts/char_select_layout.xml","118","selectedGlowOpacity=""0.35"" selectedGlowBlur=""8"" />","UI style/state or decorative effect; no global removal"
"assets/ui/xaml/account.xaml","8","color=""{ink}"" centerOpacity=""0""","UI style/state or decorative effect; no global removal"
"assets/ui/xaml/loading.xaml","25","glowColor=""{cyan}"" glowBlur=""14"" glowOpacity=""0.55""","UI style/state or decorative effect; no global removal"
"assets/ui/xaml/server_select.xaml","6","color=""{ink}"" centerOpacity=""0""","UI style/state or decorative effect; no global removal"
"assets/ui/xaml/server_select.xaml","21","selectedGlowColor=""{cyan}"" selectedGlowBlur=""10"" selectedGlowOpacity=""0""","UI style/state or decorative effect; no global removal"
"assets/ui/xaml/server_select.xaml","22","disabledOpacity=""0.45"" />","UI style/state or decorative effect; no global removal"
"assets/ui/xaml/theme.xaml","45","<Opacity id=""fadeCenterOpacity"" value=""0.72"" />","UI style/state or decorative effect; no global removal"
"assets/ui/xaml/theme.xaml","58","<Opacity id=""shadowOpacity"" value=""0.45"" />","UI style/state or decorative effect; no global removal"
"assets/data/object_catalog.json","57","""opacity"": 0.3,","UI style/state or decorative effect; no global removal"
"assets/data/object_catalog.json","79","""opacity"": 0.3,","UI style/state or decorative effect; no global removal"
"assets/data/object_catalog.json","101","""opacity"": 0.3,","UI style/state or decorative effect; no global removal"
"assets/data/object_catalog.json","123","""opacity"": 0.3,","UI style/state or decorative effect; no global removal"
"assets/data/object_catalog.json","144","""opacity"": 0.3,","UI style/state or decorative effect; no global removal"
"assets/data/object_catalog.json","166","""opacity"": 0.3,","UI style/state or decorative effect; no global removal"